Albedo,Character_Albedo_Thumb.png
Aloy,Character_Aloy_Thumb.png
Amber,Character_Amber_Thumb.png
Ayaka,Character_Ayaka_Thumb.png
Ayato,Character_Ayato_Thumb.png
Barbara,Character_Barbara_Thumb.png
Beidou,Character_Beidou_Thumb.png
Bennett,Character_Bennett_Thumb.png
Candace,Character_Candace_Thumb.png
Chongyun,Character_Chongyun_Thumb.png
Collei,Character_Collei_Thumb.png
Cyno,Character_Cyno_Thumb.png
Diluc,Character_Diluc_Thumb.png
Diona,Character_Diona_Thumb.png
Dori,Character_Dori_Thumb.png
Eula,Character_Eula_Thumb.png
Faruzan,Character_Faruzan.png
Fischl,Character_Fischl_Thumb.png
Ganyu,Character_Ganyu_Thumb.png
Gorou,Character_Gorou_Thumb.png
Heizou,Character_Heizou_Thumb.png
Hu Tao,Character_Hu Tao_Thumb.png
Itto,Character_Itto_Thumb.png
Jean,Character_Jean_Thumb.png
Kaeya,Character_Kaeya_Thumb.png
Kazuha,Character_Kazuha_Thumb.png
Keqing,Character_Keqing_Thumb.png
Klee,Character_Klee_Thumb.png
Layla,Character_Layla_Thumb.png
Lisa,Character_Lisa_Thumb.png
Mona,Character_Mona_Thumb.png
Nahida,Character_Nahida_Thumb.png
Nilou,Character_Nilou_Thumb.png
Ningguang,Character_Ningguang_Thumb.png
Noelle,Character_Noelle_Thumb.png
Qiqi,Character_Qiqi_Thumb.png
Raiden,Character_Raiden_Shogun_Thumb.png
Razor,Character_Razor_Thumb.png
Rosaria,Character_Rosaria_Thumb.png
Sangonomiya,Character_Sangonomiya_Kokomi_Thumb.png
Sara,Character_Sara_Thumb.png
Sayu,Character_Sayu_Thumb.png
Shenhe,Character_Shenhe_Thumb.png
Shinobu,Character_Shinobu_Thumb.png
Sucrose,Character_Sucrose_Thumb.png
Tartaglia,Character_Tartaglia_Thumb.png
Thoma,Character_Thoma_Thumb.png
Tighnari,Character_Tighnari_Thumb.png
Traveler,Character_Traveler_Thumb.png
Venti,Character_Venti_Thumb.png
Wanderer,Character_Wanderer_Icon.png
Xiangling,Character_Xiangling_Thumb.png
Xiao,Character_Xiao_Thumb.png
Xingqiu,Character_Xingqiu_Thumb.png
Xinyan,Character_Xinyan_Thumb.png
Yae Miko,Character_Yae Miko_Thumb.png
Yanfei,Character_Yanfei_Thumb.png
YaoYao,Character_YaoYao.png
Yelan,Character_Yelan_Thumb.png
Yoimiya,Character_Yoimiya_Thumb.png
Yunjin,Character_Yunjin_Thumb.png
Zhongli,Character_Zhongli_Thumb.png
Alhaitham,Char_Alhaitham_Icon.png